time_ms,req_id,node_id,content_id,file_size_MB,algo,path,server_node,latency_ms,throughput_mbps,http_code,cache_status,download_time
100,1,GS_01,telemetry_UAV_03,0.1,Stability-First,"['GS_01', 'SAT_63578', 'UAV_03']",UAV_03,6.703385314034165,20.0,200,HIT,46.703385314034165
100,2,GS_01,telemetry_UAV_02,0.1,Stability-First,"['GS_01', 'SAT_63578', 'UAV_02']",UAV_02,6.520333808295685,20.0,200,HIT,46.52033380829569
100,3,GS_01,telemetry_UAV_01,0.1,Stability-First,"['GS_01', 'SAT_63578', 'UAV_01']",UAV_01,6.505771920430163,20.0,200,HIT,46.50577192043016
1100,4,GS_01,telemetry_UAV_02,0.1,Stability-First,"['GS_01', 'SAT_63578', 'UAV_02']",UAV_02,7.062432200560645,20.0,200,HIT,47.06243220056064
1100,5,GS_01,telemetry_UAV_03,0.1,Stability-First,"['GS_01', 'SAT_63578', 'UAV_03']",UAV_03,6.40670725044332,20.0,200,HIT,46.40670725044332
1100,6,GS_01,telemetry_UAV_01,0.1,Stability-First,"['GS_01', 'SAT_63578', 'UAV_01']",UAV_01,7.1303067032114456,20.0,200,HIT,47.130306703211446
2100,7,GS_01,telemetry_UAV_02,0.1,Stability-First,"['GS_01', 'SAT_63578', 'UAV_02']",UAV_02,6.6551523386980715,20.0,200,HIT,46.65515233869807
2100,8,GS_01,telemetry_UAV_01,0.1,Stability-First,"['GS_01', 'SAT_63578', 'UAV_01']",UAV_01,6.940756993443112,20.0,200,HIT,46.94075699344311
2100,9,GS_01,telemetry_UAV_03,0.1,Stability-First,"['GS_01', 'SAT_63578', 'UAV_03']",UAV_03,6.198146436021689,20.0,200,HIT,46.19814643602169
3100,10,GS_01,telemetry_UAV_02,0.1,Stability-First,"['GS_01', 'SAT_63578', 'UAV_02']",UAV_02,7.169390143563437,20.0,200,HIT,47.16939014356343
3100,11,GS_01,telemetry_UAV_01,0.1,Stability-First,"['GS_01', 'SAT_63578', 'UAV_01']",UAV_01,7.0710544650373,20.0,200,HIT,47.0710544650373
3100,12,GS_01,telemetry_UAV_03,0.1,Stability-First,"['GS_01', 'SAT_63578', 'UAV_03']",UAV_03,6.876935406287462,20.0,200,HIT,46.87693540628746
4100,13,GS_01,telemetry_UAV_01,0.1,Stability-First,"['GS_01', 'SAT_63578', 'UAV_01']",UAV_01,6.284396305473159,20.0,200,HIT,46.28439630547316
4100,14,GS_01,telemetry_UAV_03,0.1,Stability-First,"['GS_01', 'SAT_63578', 'UAV_03']",UAV_03,6.672019233319588,20.0,200,HIT,46.67201923331959
4100,15,GS_01,telemetry_UAV_02,0.1,Stability-First,"['GS_01', 'SAT_63578', 'UAV_02']",UAV_02,7.052921550961585,20.0,200,HIT,47.052921550961585
5100,16,GS_01,telemetry_UAV_01,0.1,Stability-First,"['GS_01', 'SAT_63578', 'UAV_01']",UAV_01,7.380854522353429,20.0,200,HIT,47.38085452235343
5100,17,GS_01,telemetry_UAV_03,0.1,Stability-First,"['GS_01', 'SAT_63578', 'UAV_03']",UAV_03,6.910967410038813,20.0,200,HIT,46.910967410038815
5100,18,GS_01,telemetry_UAV_02,0.1,Stability-First,"['GS_01', 'SAT_63578', 'UAV_02']",UAV_02,7.016917243847319,20.0,200,HIT,47.01691724384732
6100,19,GS_01,telemetry_UAV_03,0.1,Stability-First,"['GS_01', 'SAT_63578', 'UAV_03']",UAV_03,6.505833716439236,20.0,200,HIT,46.505833716439234
6100,20,GS_01,telemetry_UAV_02,0.1,Stability-First,"['GS_01', 'SAT_63578', 'UAV_02']",UAV_02,7.329156414964245,20.0,200,HIT,47.329156414964245
6100,21,GS_01,telemetry_UAV_01,0.1,Stability-First,"['GS_01', 'SAT_63578', 'UAV_01']",UAV_01,7.1720172747060875,20.0,200,HIT,47.172017274706086
7100,22,GS_01,telemetry_UAV_01,0.1,Stability-First,"['GS_01', 'SAT_63578', 'UAV_01']",UAV_01,6.8341249859872,20.0,200,HIT,46.8341249859872
7100,23,GS_01,telemetry_UAV_03,0.1,Stability-First,"['GS_01', 'SAT_63578', 'UAV_03']",UAV_03,6.447333491574998,20.0,200,HIT,46.447333491574994
7100,24,GS_01,telemetry_UAV_02,0.1,Stability-First,"['GS_01', 'SAT_63578', 'UAV_02']",UAV_02,6.79785049433481,20.0,200,HIT,46.79785049433481
8100,25,GS_01,telemetry_UAV_02,0.1,Stability-First,"['GS_01', 'SAT_63578', 'UAV_02']",UAV_02,6.566655254367368,20.0,200,HIT,46.56665525436737
8100,26,GS_01,telemetry_UAV_01,0.1,Stability-First,"['GS_01', 'SAT_63578', 'UAV_01']",UAV_01,7.211754494677118,20.0,200,HIT,47.211754494677116
8100,27,GS_01,telemetry_UAV_03,0.1,Stability-First,"['GS_01', 'SAT_63578', 'UAV_03']",UAV_03,6.839278362411118,20.0,200,HIT,46.83927836241112
9100,28,GS_01,telemetry_UAV_03,0.1,Stability-First,"['GS_01', 'SAT_63578', 'UAV_03']",UAV_03,6.5388621424857725,20.0,200,HIT,46.53886214248577
9100,29,GS_01,telemetry_UAV_01,0.1,Stability-First,"['GS_01', 'SAT_63578', 'UAV_01']",UAV_01,6.327858078371667,20.0,200,HIT,46.32785807837167
9100,30,GS_01,telemetry_UAV_02,0.1,Stability-First,"['GS_01', 'SAT_63578', 'UAV_02']",UAV_02,6.721811755243923,20.0,200,HIT,46.72181175524392
10100,31,GS_01,telemetry_UAV_02,0.1,Stability-First,"['GS_01', 'SAT_63578', 'UAV_02']",UAV_02,6.79096675800559,20.0,200,HIT,46.79096675800559
10100,32,GS_01,telemetry_UAV_03,0.1,Stability-First,"['GS_01', 'SAT_63578', 'UAV_03']",UAV_03,7.050287702637622,20.0,200,HIT,47.05028770263762
10100,33,GS_01,telemetry_UAV_01,0.1,Stability-First,"['GS_01', 'SAT_63578', 'UAV_01']",UAV_01,6.568511705537098,20.0,200,HIT,46.5685117055371
11100,34,GS_01,telemetry_UAV_01,0.1,Stability-First,"['GS_01', 'SAT_63578', 'UAV_01']",UAV_01,6.662255437614794,20.0,200,HIT,46.662255437614796
11100,35,GS_01,telemetry_UAV_03,0.1,Stability-First,"['GS_01', 'SAT_63578', 'UAV_03']",UAV_03,7.24300060173758,20.0,200,HIT,47.24300060173758
11100,36,GS_01,telemetry_UAV_02,0.1,Stability-First,"['GS_01', 'SAT_63578', 'UAV_02']",UAV_02,6.824111017690114,20.0,200,HIT,46.824111017690115
12100,37,GS_01,telemetry_UAV_02,0.1,Stability-First,"['GS_01', 'SAT_63578', 'UAV_02']",UAV_02,6.869026833432899,20.0,200,HIT,46.8690268334329
12100,38,GS_01,telemetry_UAV_03,0.1,Stability-First,"['GS_01', 'SAT_63578', 'UAV_03']",UAV_03,6.784064337150634,20.0,200,HIT,46.78406433715063
12100,39,GS_01,telemetry_UAV_01,0.1,Stability-First,"['GS_01', 'SAT_63578', 'UAV_01']",UAV_01,7.1682330260775435,20.0,200,HIT,47.168233026077544
13100,40,GS_01,telemetry_UAV_03,0.1,Stability-First,"['GS_01', 'SAT_63578', 'UAV_03']",UAV_03,6.438901833130193,20.0,200,HIT,46.438901833130195
13100,41,GS_01,telemetry_UAV_01,0.1,Stability-First,"['GS_01', 'SAT_63578', 'UAV_01']",UAV_01,7.351870582431651,20.0,200,HIT,47.35187058243165
13100,42,GS_01,telemetry_UAV_02,0.1,Stability-First,"['GS_01', 'SAT_63578', 'UAV_02']",UAV_02,6.216133385762978,20.0,200,HIT,46.21613338576298
14100,43,GS_01,telemetry_UAV_02,0.1,Stability-First,"['GS_01', 'SAT_63578', 'UAV_02']",UAV_02,7.304872428532961,20.0,200,HIT,47.30487242853296
14100,44,GS_01,telemetry_UAV_03,0.1,Stability-First,"['GS_01', 'SAT_63578', 'UAV_03']",UAV_03,6.786819429388457,20.0,200,HIT,46.78681942938846
14100,45,GS_01,telemetry_UAV_01,0.1,Stability-First,"['GS_01', 'SAT_63578', 'UAV_01']",UAV_01,6.548864296915134,20.0,200,HIT,46.548864296915134
15100,46,GS_01,telemetry_UAV_03,0.1,Stability-First,"['GS_01', 'SAT_63578', 'UAV_03']",UAV_03,6.733486638342438,20.0,200,HIT,46.73348663834244
15100,47,GS_01,telemetry_UAV_01,0.1,Stability-First,"['GS_01', 'SAT_63578', 'UAV_01']",UAV_01,6.287781679663437,20.0,200,HIT,46.28778167966344
15100,48,GS_01,telemetry_UAV_02,0.1,Stability-First,"['GS_01', 'SAT_63578', 'UAV_02']",UAV_02,6.745284937401447,20.0,200,HIT,46.74528493740145
16100,49,GS_01,telemetry_UAV_01,0.1,Stability-First,"['GS_01', 'SAT_63578', 'UAV_01']",UAV_01,6.473257333825437,20.0,200,HIT,46.47325733382544
16100,50,GS_01,telemetry_UAV_03,0.1,Stability-First,"['GS_01', 'SAT_63578', 'UAV_03']",UAV_03,6.828378843245009,20.0,200,HIT,46.828378843245005
16100,51,GS_01,telemetry_UAV_02,0.1,Stability-First,"['GS_01', 'SAT_63578', 'UAV_02']",UAV_02,6.292386888444452,20.0,200,HIT,46.292386888444454
17100,52,GS_01,telemetry_UAV_02,0.1,Stability-First,"['GS_01', 'SAT_63578', 'UAV_02']",UAV_02,6.538412513314681,20.0,200,HIT,46.53841251331468
17100,53,GS_01,telemetry_UAV_03,0.1,Stability-First,"['GS_01', 'SAT_63578', 'UAV_03']",UAV_03,6.799978641958797,20.0,200,HIT,46.799978641958795
17100,54,GS_01,telemetry_UAV_01,0.1,Stability-First,"['GS_01', 'SAT_63578', 'UAV_01']",UAV_01,6.94034537386195,20.0,200,HIT,46.94034537386195
18100,55,GS_01,telemetry_UAV_02,0.1,Stability-First,"['GS_01', 'SAT_63578', 'UAV_02']",UAV_02,6.572257708219357,20.0,200,HIT,46.572257708219354
18100,56,GS_01,telemetry_UAV_03,0.1,Stability-First,"['GS_01', 'SAT_63578', 'UAV_03']",UAV_03,6.459010057420379,20.0,200,HIT,46.45901005742038
18100,57,GS_01,telemetry_UAV_01,0.1,Stability-First,"['GS_01', 'SAT_63578', 'UAV_01']",UAV_01,6.777787288591057,20.0,200,HIT,46.77778728859106
19100,58,GS_01,telemetry_UAV_02,0.1,Stability-First,"['GS_01', 'SAT_63578', 'UAV_02']",UAV_02,6.47821079247554,20.0,200,HIT,46.47821079247554
19100,59,GS_01,telemetry_UAV_03,0.1,Stability-First,"['GS_01', 'SAT_63578', 'UAV_03']",UAV_03,6.891427234095389,20.0,200,HIT,46.89142723409539
19100,60,GS_01,telemetry_UAV_01,0.1,Stability-First,"['GS_01', 'SAT_63578', 'UAV_01']",UAV_01,6.557202879495655,20.0,200,HIT,46.557202879495655
20100,61,GS_01,telemetry_UAV_01,0.1,Stability-First,"['GS_01', 'SAT_67311', 'UAV_01']",UAV_01,6.549853167422119,20.0,200,HIT,46.54985316742212
20100,62,GS_01,telemetry_UAV_02,0.1,Stability-First,"['GS_01', 'SAT_67311', 'UAV_02']",UAV_02,6.580137261789279,20.0,200,HIT,46.580137261789275
20100,63,GS_01,telemetry_UAV_03,0.1,Stability-First,"['GS_01', 'SAT_67311', 'UAV_03']",UAV_03,6.7194316095214734,20.0,200,HIT,46.71943160952147
21100,64,GS_01,telemetry_UAV_01,0.1,Stability-First,"['GS_01', 'SAT_67311', 'UAV_01']",UAV_01,6.293662363890909,20.0,200,HIT,46.29366236389091
21100,65,GS_01,telemetry_UAV_03,0.1,Stability-First,"['GS_01', 'SAT_67311', 'UAV_03']",UAV_03,6.9305986215246165,20.0,200,HIT,46.93059862152462
21100,66,GS_01,telemetry_UAV_02,0.1,Stability-First,"['GS_01', 'SAT_67311', 'UAV_02']",UAV_02,6.513922953265104,20.0,200,HIT,46.5139229532651
22100,67,GS_01,telemetry_UAV_03,0.1,Stability-First,"['GS_01', 'SAT_67311', 'UAV_03']",UAV_03,6.646622686152312,20.0,200,HIT,46.64662268615231
22100,68,GS_01,telemetry_UAV_02,0.1,Stability-First,"['GS_01', 'SAT_67311', 'UAV_02']",UAV_02,6.8283585786199525,20.0,200,HIT,46.828358578619955
22100,69,GS_01,telemetry_UAV_01,0.1,Stability-First,"['GS_01', 'SAT_67311', 'UAV_01']",UAV_01,7.10033880805098,20.0,200,HIT,47.10033880805098
23100,70,GS_01,telemetry_UAV_01,0.1,Stability-First,"['GS_01', 'SAT_67311', 'UAV_01']",UAV_01,6.652205854718655,20.0,200,HIT,46.65220585471866
23100,71,GS_01,telemetry_UAV_02,0.1,Stability-First,"['GS_01', 'SAT_67311', 'UAV_02']",UAV_02,6.435794271737441,20.0,200,HIT,46.43579427173744
23100,72,GS_01,telemetry_UAV_03,0.1,Stability-First,"['GS_01', 'SAT_67311', 'UAV_03']",UAV_03,6.929622493107722,20.0,200,HIT,46.92962249310772
24100,73,GS_01,telemetry_UAV_01,0.1,Stability-First,"['GS_01', 'SAT_67311', 'UAV_01']",UAV_01,6.776593512801622,20.0,200,HIT,46.776593512801625
24100,74,GS_01,telemetry_UAV_02,0.1,Stability-First,"['GS_01', 'SAT_67311', 'UAV_02']",UAV_02,6.397147639878927,20.0,200,HIT,46.39714763987892
24100,75,GS_01,telemetry_UAV_03,0.1,Stability-First,"['GS_01', 'SAT_67311', 'UAV_03']",UAV_03,7.130075623869557,20.0,200,HIT,47.13007562386956
25100,76,GS_01,telemetry_UAV_02,0.1,Stability-First,"['GS_01', 'SAT_67311', 'UAV_02']",UAV_02,6.030179756457085,20.0,200,HIT,46.03017975645709
25100,77,GS_01,telemetry_UAV_03,0.1,Stability-First,"['GS_01', 'SAT_67311', 'UAV_03']",UAV_03,6.659172874269974,20.0,200,HIT,46.65917287426997
25100,78,GS_01,telemetry_UAV_01,0.1,Stability-First,"['GS_01', 'SAT_67311', 'UAV_01']",UAV_01,6.424671253722174,20.0,200,HIT,46.424671253722174
26100,79,GS_01,telemetry_UAV_01,0.1,Stability-First,"['GS_01', 'SAT_67311', 'UAV_01']",UAV_01,6.710221840414832,20.0,200,HIT,46.71022184041483
26100,80,GS_01,telemetry_UAV_02,0.1,Stability-First,"['GS_01', 'SAT_67311', 'UAV_02']",UAV_02,6.692390113968231,20.0,200,HIT,46.69239011396823
26100,81,GS_01,telemetry_UAV_03,0.1,Stability-First,"['GS_01', 'SAT_67311', 'UAV_03']",UAV_03,6.975856502662703,20.0,200,HIT,46.9758565026627
27100,82,GS_01,telemetry_UAV_03,0.1,Stability-First,"['GS_01', 'SAT_67311', 'UAV_03']",UAV_03,6.640778472810409,20.0,200,HIT,46.64077847281041
27100,83,GS_01,telemetry_UAV_01,0.1,Stability-First,"['GS_01', 'SAT_67311', 'UAV_01']",UAV_01,6.333818126870149,20.0,200,HIT,46.33381812687015
27100,84,GS_01,telemetry_UAV_02,0.1,Stability-First,"['GS_01', 'SAT_67311', 'UAV_02']",UAV_02,6.8763492108853965,20.0,200,HIT,46.876349210885394
28100,85,GS_01,telemetry_UAV_02,0.1,Stability-First,"['GS_01', 'SAT_67311', 'UAV_02']",UAV_02,6.4460284289806875,20.0,200,HIT,46.44602842898069
28100,86,GS_01,telemetry_UAV_03,0.1,Stability-First,"['GS_01', 'SAT_67311', 'UAV_03']",UAV_03,6.066484547569425,20.0,200,HIT,46.066484547569424
28100,87,GS_01,telemetry_UAV_01,0.1,Stability-First,"['GS_01', 'SAT_67311', 'UAV_01']",UAV_01,6.440773535837445,20.0,200,HIT,46.440773535837444
29100,88,GS_01,telemetry_UAV_01,0.1,Stability-First,"['GS_01', 'SAT_67311', 'UAV_01']",UAV_01,6.30921410601498,20.0,200,HIT,46.30921410601498
29100,89,GS_01,telemetry_UAV_03,0.1,Stability-First,"['GS_01', 'SAT_67311', 'UAV_03']",UAV_03,6.482190450078903,20.0,200,HIT,46.4821904500789
29100,90,GS_01,telemetry_UAV_02,0.1,Stability-First,"['GS_01', 'SAT_67311', 'UAV_02']",UAV_02,6.9401196634989715,20.0,200,HIT,46.94011966349897
30100,91,GS_01,telemetry_UAV_03,0.1,Stability-First,"['GS_01', 'SAT_67311', 'UAV_03']",UAV_03,6.742830621095626,20.0,200,HIT,46.74283062109563
30100,92,GS_01,telemetry_UAV_01,0.1,Stability-First,"['GS_01', 'SAT_67311', 'UAV_01']",UAV_01,6.556811170743982,20.0,200,HIT,46.556811170743984
30100,93,GS_01,telemetry_UAV_02,0.1,Stability-First,"['GS_01', 'SAT_67311', 'UAV_02']",UAV_02,6.8082477661856,20.0,200,HIT,46.8082477661856
31100,94,GS_01,telemetry_UAV_03,0.1,Stability-First,"['GS_01', 'SAT_67311', 'UAV_03']",UAV_03,6.556728294749528,20.0,200,HIT,46.556728294749526
31100,95,GS_01,telemetry_UAV_01,0.1,Stability-First,"['GS_01', 'SAT_67311', 'UAV_01']",UAV_01,6.209384123258674,20.0,200,HIT,46.20938412325867
31100,96,GS_01,telemetry_UAV_02,0.1,Stability-First,"['GS_01', 'SAT_67311', 'UAV_02']",UAV_02,6.557598064891911,20.0,200,HIT,46.55759806489191
32100,97,GS_01,telemetry_UAV_01,0.1,Stability-First,"['GS_01', 'SAT_67311', 'UAV_01']",UAV_01,5.997503411310136,20.0,200,HIT,45.997503411310134
32100,98,GS_01,telemetry_UAV_02,0.1,Stability-First,"['GS_01', 'SAT_67311', 'UAV_02']",UAV_02,6.60234731079321,20.0,200,HIT,46.602347310793206
32100,99,GS_01,telemetry_UAV_03,0.1,Stability-First,"['GS_01', 'SAT_67311', 'UAV_03']",UAV_03,6.96659247113865,20.0,200,HIT,46.966592471138654
33100,100,GS_01,telemetry_UAV_03,0.1,Stability-First,"['GS_01', 'SAT_67311', 'UAV_03']",UAV_03,6.654571402878369,20.0,200,HIT,46.65457140287837
33100,101,GS_01,telemetry_UAV_01,0.1,Stability-First,"['GS_01', 'SAT_67311', 'UAV_01']",UAV_01,6.29128291916806,20.0,200,HIT,46.29128291916806
33100,102,GS_01,telemetry_UAV_02,0.1,Stability-First,"['GS_01', 'SAT_67311', 'UAV_02']",UAV_02,6.518772782940611,20.0,200,HIT,46.51877278294061
34100,103,GS_01,telemetry_UAV_02,0.1,Stability-First,"['GS_01', 'SAT_67311', 'UAV_02']",UAV_02,6.124824814877359,20.0,200,HIT,46.12482481487736
34100,104,GS_01,telemetry_UAV_01,0.1,Stability-First,"['GS_01', 'SAT_67311', 'UAV_01']",UAV_01,6.149143600043189,20.0,200,HIT,46.14914360004319
34100,105,GS_01,telemetry_UAV_03,0.1,Stability-First,"['GS_01', 'SAT_67311', 'UAV_03']",UAV_03,6.72227524191335,20.0,200,HIT,46.72227524191335
35100,106,GS_01,telemetry_UAV_02,0.1,Stability-First,"['GS_01', 'SAT_67311', 'UAV_02']",UAV_02,6.02408255288913,20.0,200,HIT,46.024082552889126
35100,107,GS_01,telemetry_UAV_03,0.1,Stability-First,"['GS_01', 'SAT_67311', 'UAV_03']",UAV_03,6.224236389264732,20.0,200,HIT,46.22423638926473
35100,108,GS_01,telemetry_UAV_01,0.1,Stability-First,"['GS_01', 'SAT_67311', 'UAV_01']",UAV_01,6.730506719657104,20.0,200,HIT,46.7305067196571
36100,109,GS_01,telemetry_UAV_02,0.1,Stability-First,"['GS_01', 'SAT_67311', 'UAV_02']",UAV_02,6.7337627656683345,20.0,200,HIT,46.73376276566833
36100,110,GS_01,telemetry_UAV_03,0.1,Stability-First,"['GS_01', 'SAT_67311', 'UAV_03']",UAV_03,6.0582315202755055,20.0,200,HIT,46.058231520275505
36100,111,GS_01,telemetry_UAV_01,0.1,Stability-First,"['GS_01', 'SAT_67311', 'UAV_01']",UAV_01,6.031316056857741,20.0,200,HIT,46.03131605685774
37100,112,GS_01,telemetry_UAV_02,0.1,Stability-First,"['GS_01', 'SAT_67311', 'UAV_02']",UAV_02,6.340174021748565,20.0,200,HIT,46.34017402174857
37100,113,GS_01,telemetry_UAV_03,0.1,Stability-First,"['GS_01', 'SAT_67311', 'UAV_03']",UAV_03,6.351586592378963,20.0,200,HIT,46.351586592378965
37100,114,GS_01,telemetry_UAV_01,0.1,Stability-First,"['GS_01', 'SAT_67311', 'UAV_01']",UAV_01,6.5111436351777865,20.0,200,HIT,46.51114363517779
38100,115,GS_01,telemetry_UAV_01,0.1,Stability-First,"['GS_01', 'SAT_67311', 'UAV_01']",UAV_01,6.364463781360326,20.0,200,HIT,46.36446378136033
38100,116,GS_01,telemetry_UAV_02,0.1,Stability-First,"['GS_01', 'SAT_67311', 'UAV_02']",UAV_02,6.298761278775652,20.0,200,HIT,46.29876127877565
38100,117,GS_01,telemetry_UAV_03,0.1,Stability-First,"['GS_01', 'SAT_67311', 'UAV_03']",UAV_03,6.45005295525644,20.0,200,HIT,46.45005295525644
39100,118,GS_01,telemetry_UAV_01,0.1,Stability-First,"['GS_01', 'SAT_67311', 'UAV_01']",UAV_01,6.820187825946954,20.0,200,HIT,46.82018782594695
39100,119,GS_01,telemetry_UAV_03,0.1,Stability-First,"['GS_01', 'SAT_67311', 'UAV_03']",UAV_03,6.792490534890079,20.0,200,HIT,46.79249053489008
39100,120,GS_01,telemetry_UAV_02,0.1,Stability-First,"['GS_01', 'SAT_67311', 'UAV_02']",UAV_02,5.975531387964134,20.0,200,HIT,45.97553138796413
40100,121,GS_01,telemetry_UAV_01,0.1,Stability-First,"['GS_01', 'SAT_67311', 'UAV_01']",UAV_01,6.314187321009892,20.0,200,HIT,46.31418732100989
40100,122,GS_01,telemetry_UAV_03,0.1,Stability-First,"['GS_01', 'SAT_67311', 'UAV_03']",UAV_03,6.460255989510978,20.0,200,HIT,46.460255989510976
40100,123,GS_01,telemetry_UAV_02,0.1,Stability-First,"['GS_01', 'SAT_67311', 'UAV_02']",UAV_02,6.863746491234117,20.0,200,HIT,46.86374649123412
41100,124,GS_01,telemetry_UAV_03,0.1,Stability-First,"['GS_01', 'SAT_67311', 'UAV_03']",UAV_03,6.103407423638092,20.0,200,HIT,46.10340742363809
41100,125,GS_01,telemetry_UAV_01,0.1,Stability-First,"['GS_01', 'SAT_67311', 'UAV_01']",UAV_01,6.129162324283136,20.0,200,HIT,46.129162324283136
41100,126,GS_01,telemetry_UAV_02,0.1,Stability-First,"['GS_01', 'SAT_67311', 'UAV_02']",UAV_02,6.317041285891346,20.0,200,HIT,46.31704128589135
42100,127,GS_01,telemetry_UAV_02,0.1,Stability-First,"['GS_01', 'SAT_67311', 'UAV_02']",UAV_02,6.909912099806817,20.0,200,HIT,46.90991209980682
42100,128,GS_01,telemetry_UAV_01,0.1,Stability-First,"['GS_01', 'SAT_67311', 'UAV_01']",UAV_01,6.500988051917693,20.0,200,HIT,46.500988051917695
42100,129,GS_01,telemetry_UAV_03,0.1,Stability-First,"['GS_01', 'SAT_67311', 'UAV_03']",UAV_03,6.270925896362771,20.0,200,HIT,46.27092589636277
43100,130,GS_01,telemetry_UAV_03,0.1,Stability-First,"['GS_01', 'SAT_67311', 'UAV_03']",UAV_03,6.725020474659327,20.0,200,HIT,46.725020474659324
43100,131,GS_01,telemetry_UAV_01,0.1,Stability-First,"['GS_01', 'SAT_67311', 'UAV_01']",UAV_01,6.415466664758787,20.0,200,HIT,46.41546666475879
43100,132,GS_01,telemetry_UAV_02,0.1,Stability-First,"['GS_01', 'SAT_67311', 'UAV_02']",UAV_02,6.884999500354107,20.0,200,HIT,46.884999500354105
44100,133,GS_01,telemetry_UAV_01,0.1,Stability-First,"['GS_01', 'SAT_67311', 'UAV_01']",UAV_01,6.324771813807663,20.0,200,HIT,46.324771813807665
44100,134,GS_01,telemetry_UAV_03,0.1,Stability-First,"['GS_01', 'SAT_67311', 'UAV_03']",UAV_03,6.240463768849059,20.0,200,HIT,46.24046376884906
44100,135,GS_01,telemetry_UAV_02,0.1,Stability-First,"['GS_01', 'SAT_67311', 'UAV_02']",UAV_02,6.622584114916471,20.0,200,HIT,46.62258411491647
45100,136,GS_01,telemetry_UAV_01,0.1,Stability-First,"['GS_01', 'SAT_67311', 'UAV_01']",UAV_01,6.3981207982893284,20.0,200,HIT,46.39812079828933
45100,137,GS_01,telemetry_UAV_02,0.1,Stability-First,"['GS_01', 'SAT_67311', 'UAV_02']",UAV_02,6.579567266159446,20.0,200,HIT,46.579567266159444
45100,138,GS_01,telemetry_UAV_03,0.1,Stability-First,"['GS_01', 'SAT_67311', 'UAV_03']",UAV_03,6.637946711535562,20.0,200,HIT,46.63794671153556
46100,139,GS_01,telemetry_UAV_03,0.1,Stability-First,"['GS_01', 'SAT_67311', 'UAV_03']",UAV_03,6.141676588471813,20.0,200,HIT,46.14167658847181
46100,140,GS_01,telemetry_UAV_02,0.1,Stability-First,"['GS_01', 'SAT_67311', 'UAV_02']",UAV_02,6.663073700771044,20.0,200,HIT,46.663073700771044
46100,141,GS_01,telemetry_UAV_01,0.1,Stability-First,"['GS_01', 'SAT_67311', 'UAV_01']",UAV_01,6.957271684683849,20.0,200,HIT,46.957271684683846
47100,142,GS_01,telemetry_UAV_02,0.1,Stability-First,"['GS_01', 'SAT_67311', 'UAV_02']",UAV_02,6.464148512117417,20.0,200,HIT,46.46414851211742
47100,143,GS_01,telemetry_UAV_03,0.1,Stability-First,"['GS_01', 'SAT_67311', 'UAV_03']",UAV_03,6.452727106281784,20.0,200,HIT,46.452727106281785
47100,144,GS_01,telemetry_UAV_01,0.1,Stability-First,"['GS_01', 'SAT_67311', 'UAV_01']",UAV_01,6.287034058257069,20.0,200,HIT,46.28703405825707
48000,145,GS_01,telemetry_UAV_03,0.1,Stability-First,"['GS_01', 'SAT_67311', 'UAV_03']",UAV_03,6.528051833618774,20.0,200,HIT,46.528051833618775
48100,146,GS_01,telemetry_UAV_02,0.1,Stability-First,"['GS_01', 'SAT_67311', 'UAV_02']",UAV_02,6.641194824368904,20.0,200,HIT,46.6411948243689
48100,147,GS_01,telemetry_UAV_01,0.1,Stability-First,"['GS_01', 'SAT_67311', 'UAV_01']",UAV_01,6.082088495296497,20.0,200,HIT,46.082088495296496
49100,148,GS_01,telemetry_UAV_03,0.1,Stability-First,"['GS_01', 'SAT_67311', 'UAV_03']",UAV_03,6.646463769471778,20.0,200,HIT,46.64646376947178
49100,149,GS_01,telemetry_UAV_02,0.1,Stability-First,"['GS_01', 'SAT_67311', 'UAV_02']",UAV_02,6.159257896467029,20.0,200,HIT,46.159257896467025
49100,150,GS_01,telemetry_UAV_01,0.1,Stability-First,"['GS_01', 'SAT_67311', 'UAV_01']",UAV_01,6.520445956021804,20.0,200,HIT,46.5204459560218
50100,151,GS_01,telemetry_UAV_02,0.1,Stability-First,"['GS_01', 'SAT_67311', 'UAV_02']",UAV_02,7.099975063997543,20.0,200,HIT,47.09997506399754
50100,152,GS_01,telemetry_UAV_01,0.1,Stability-First,"['GS_01', 'SAT_67311', 'UAV_01']",UAV_01,7.085487421084308,20.0,200,HIT,47.08548742108431
50100,153,GS_01,telemetry_UAV_03,0.1,Stability-First,"['GS_01', 'SAT_67311', 'UAV_03']",UAV_03,6.46682837650476,20.0,200,HIT,46.46682837650476
51100,154,GS_01,telemetry_UAV_03,0.1,Stability-First,"['GS_01', 'SAT_67311', 'UAV_03']",UAV_03,6.922179287146566,20.0,200,HIT,46.92217928714656
51100,155,GS_01,telemetry_UAV_02,0.1,Stability-First,"['GS_01', 'SAT_67311', 'UAV_02']",UAV_02,6.348205088793803,20.0,200,HIT,46.348205088793804
51100,156,GS_01,telemetry_UAV_01,0.1,Stability-First,"['GS_01', 'SAT_67311', 'UAV_01']",UAV_01,6.336978003588737,20.0,200,HIT,46.33697800358874
52100,157,GS_01,telemetry_UAV_02,0.1,Stability-First,"['GS_01', 'SAT_67311', 'UAV_02']",UAV_02,6.343503446056044,20.0,200,HIT,46.34350344605605
52100,158,GS_01,telemetry_UAV_03,0.1,Stability-First,"['GS_01', 'SAT_67311', 'UAV_03']",UAV_03,6.302737018427678,20.0,200,HIT,46.30273701842768
52100,159,GS_01,telemetry_UAV_01,0.1,Stability-First,"['GS_01', 'SAT_67311', 'UAV_01']",UAV_01,6.310980404069753,20.0,200,HIT,46.31098040406975
53100,160,GS_01,telemetry_UAV_03,0.1,Stability-First,"['GS_01', 'SAT_67311', 'UAV_03']",UAV_03,7.0363666450957485,20.0,200,HIT,47.03636664509575
53100,161,GS_01,telemetry_UAV_02,0.1,Stability-First,"['GS_01', 'SAT_67311', 'UAV_02']",UAV_02,6.179268144951875,20.0,200,HIT,46.17926814495188
53100,162,GS_01,telemetry_UAV_01,0.1,Stability-First,"['GS_01', 'SAT_67311', 'UAV_01']",UAV_01,6.609664356029811,20.0,200,HIT,46.60966435602981
54100,163,GS_01,telemetry_UAV_01,0.1,Stability-First,"['GS_01', 'SAT_67311', 'UAV_01']",UAV_01,6.339255230112916,20.0,200,HIT,46.33925523011292
54100,164,GS_01,telemetry_UAV_03,0.1,Stability-First,"['GS_01', 'SAT_67311', 'UAV_03']",UAV_03,6.308466795625778,20.0,200,HIT,46.308466795625776
54100,165,GS_01,telemetry_UAV_02,0.1,Stability-First,"['GS_01', 'SAT_67311', 'UAV_02']",UAV_02,6.147998312429127,20.0,200,HIT,46.147998312429124
55100,166,GS_01,telemetry_UAV_03,0.1,Stability-First,"['GS_01', 'SAT_67311', 'UAV_03']",UAV_03,6.989076830947512,20.0,200,HIT,46.98907683094751
55100,167,GS_01,telemetry_UAV_01,0.1,Stability-First,"['GS_01', 'SAT_67311', 'UAV_01']",UAV_01,6.425139719832527,20.0,200,HIT,46.42513971983253
55100,168,GS_01,telemetry_UAV_02,0.1,Stability-First,"['GS_01', 'SAT_67311', 'UAV_02']",UAV_02,6.622408417343603,20.0,200,HIT,46.62240841734361
56100,169,GS_01,telemetry_UAV_03,0.1,Stability-First,"['GS_01', 'SAT_67311', 'UAV_03']",UAV_03,6.507431980330822,20.0,200,HIT,46.50743198033082
56100,170,GS_01,telemetry_UAV_02,0.1,Stability-First,"['GS_01', 'SAT_67311', 'UAV_02']",UAV_02,6.3774571062384275,20.0,200,HIT,46.377457106238424
56100,171,GS_01,telemetry_UAV_01,0.1,Stability-First,"['GS_01', 'SAT_67311', 'UAV_01']",UAV_01,6.704581055881272,20.0,200,HIT,46.70458105588127
57100,172,GS_01,telemetry_UAV_03,0.1,Stability-First,"['GS_01', 'SAT_67311', 'UAV_03']",UAV_03,6.117722719082527,20.0,200,HIT,46.11772271908253
57100,173,GS_01,telemetry_UAV_01,0.1,Stability-First,"['GS_01', 'SAT_67311', 'UAV_01']",UAV_01,6.587325749975983,20.0,200,HIT,46.58732574997598
57100,174,GS_01,telemetry_UAV_02,0.1,Stability-First,"['GS_01', 'SAT_67311', 'UAV_02']",UAV_02,6.9060815422182085,20.0,200,HIT,46.90608154221821
58100,175,GS_01,telemetry_UAV_03,0.1,Stability-First,"['GS_01', 'SAT_67311', 'UAV_03']",UAV_03,6.23375084945746,20.0,200,HIT,46.23375084945746
58100,176,GS_01,telemetry_UAV_02,0.1,Stability-First,"['GS_01', 'SAT_67311', 'UAV_02']",UAV_02,6.141048845158665,20.0,200,HIT,46.141048845158664
58100,177,GS_01,telemetry_UAV_01,0.1,Stability-First,"['GS_01', 'SAT_67311', 'UAV_01']",UAV_01,6.558514798880405,20.0,200,HIT,46.5585147988804
59100,178,GS_01,telemetry_UAV_01,0.1,Stability-First,"['GS_01', 'SAT_67311', 'UAV_01']",UAV_01,6.584918511571967,20.0,200,HIT,46.58491851157197
59100,179,GS_01,telemetry_UAV_03,0.1,Stability-First,"['GS_01', 'SAT_67311', 'UAV_03']",UAV_03,6.654454051847111,20.0,200,HIT,46.65445405184711
59100,180,GS_01,telemetry_UAV_02,0.1,Stability-First,"['GS_01', 'SAT_67311', 'UAV_02']",UAV_02,7.106603536060446,20.0,200,HIT,47.10660353606045
60000,181,GS_01,telemetry_UAV_03,0.1,Stability-First,"['GS_01', 'SAT_67311', 'UAV_03']",UAV_03,6.810756328835435,20.0,200,HIT,46.81075632883544
60000,182,GS_01,telemetry_UAV_02,0.1,Stability-First,"['GS_01', 'SAT_67311', 'UAV_02']",UAV_02,6.682087857500092,20.0,200,HIT,46.68208785750009
60000,183,GS_01,telemetry_UAV_01,0.1,Stability-First,"['GS_01', 'SAT_67311', 'UAV_01']",UAV_01,7.082283185577269,20.0,200,HIT,47.08228318557727
60000,184,GS_01,telemetry_UAV_02,0.1,Stability-First,"['GS_01', 'SAT_67311', 'UAV_02']",UAV_02,6.778696921837602,20.0,200,HIT,46.7786969218376
60000,185,GS_01,telemetry_UAV_03,0.1,Stability-First,"['GS_01', 'SAT_67311', 'UAV_03']",UAV_03,6.67177348610473,20.0,200,HIT,46.671773486104726
60000,186,GS_01,telemetry_UAV_01,0.1,Stability-First,"['GS_01', 'SAT_67311', 'UAV_01']",UAV_01,7.155959122500337,20.0,200,HIT,47.155959122500335
60000,187,GS_01,telemetry_UAV_02,0.1,Stability-First,"['GS_01', 'SAT_67311', 'UAV_02']",UAV_02,7.05493579716955,20.0,200,HIT,47.05493579716955
60000,188,GS_01,telemetry_UAV_01,0.1,Stability-First,"['GS_01', 'SAT_67311', 'UAV_01']",UAV_01,6.975766972382882,20.0,200,HIT,46.975766972382885
60000,189,GS_01,telemetry_UAV_03,0.1,Stability-First,"['GS_01', 'SAT_67311', 'UAV_03']",UAV_03,6.660744439964927,20.0,200,HIT,46.66074443996493
60000,190,GS_01,telemetry_UAV_02,0.1,Stability-First,"['GS_01', 'SAT_67311', 'UAV_02']",UAV_02,6.956651867518108,20.0,200,HIT,46.956651867518104
60000,191,GS_01,telemetry_UAV_01,0.1,Stability-First,"['GS_01', 'SAT_67311', 'UAV_01']",UAV_01,7.134511652367857,20.0,200,HIT,47.134511652367856
60000,192,GS_01,telemetry_UAV_03,0.1,Stability-First,"['GS_01', 'SAT_67311', 'UAV_03']",UAV_03,6.790589083842924,20.0,200,HIT,46.790589083842924
60000,193,GS_01,telemetry_UAV_01,0.1,Stability-First,"['GS_01', 'SAT_67311', 'UAV_01']",UAV_01,7.416654165306309,20.0,200,HIT,47.41665416530631
60000,194,GS_01,telemetry_UAV_03,0.1,Stability-First,"['GS_01', 'SAT_67311', 'UAV_03']",UAV_03,6.828223230154313,20.0,200,HIT,46.828223230154315
60000,195,GS_01,telemetry_UAV_02,0.1,Stability-First,"['GS_01', 'SAT_67311', 'UAV_02']",UAV_02,6.492464740453926,20.0,200,HIT,46.492464740453926
60000,196,GS_01,telemetry_UAV_01,0.1,Stability-First,"['GS_01', 'SAT_67311', 'UAV_01']",UAV_01,6.739072954432179,20.0,200,HIT,46.73907295443218
60000,197,GS_01,telemetry_UAV_03,0.1,Stability-First,"['GS_01', 'SAT_67311', 'UAV_03']",UAV_03,6.421250421796146,20.0,200,HIT,46.421250421796145
60000,198,GS_01,telemetry_UAV_02,0.1,Stability-First,"['GS_01', 'SAT_67311', 'UAV_02']",UAV_02,6.957691661235081,20.0,200,HIT,46.95769166123508
60000,199,GS_01,telemetry_UAV_03,0.1,Stability-First,"['GS_01', 'SAT_67311', 'UAV_03']",UAV_03,7.209556036485404,20.0,200,HIT,47.2095560364854
60000,200,GS_01,telemetry_UAV_02,0.1,Stability-First,"['GS_01', 'SAT_67311', 'UAV_02']",UAV_02,6.859204969799759,20.0,200,HIT,46.85920496979976
60000,201,GS_01,telemetry_UAV_01,0.1,Stability-First,"['GS_01', 'SAT_67311', 'UAV_01']",UAV_01,7.293509879937645,20.0,200,HIT,47.293509879937645
60000,202,GS_01,telemetry_UAV_01,0.1,Stability-First,"['GS_01', 'SAT_67311', 'UAV_01']",UAV_01,6.680203065734865,20.0,200,HIT,46.680203065734865
60000,203,GS_01,telemetry_UAV_03,0.1,Stability-First,"['GS_01', 'SAT_67311', 'UAV_03']",UAV_03,7.3494404767611465,20.0,200,HIT,47.349440476761146
60000,204,GS_01,telemetry_UAV_02,0.1,Stability-First,"['GS_01', 'SAT_67311', 'UAV_02']",UAV_02,6.846656663327201,20.0,200,HIT,46.8466566633272
60000,205,GS_01,telemetry_UAV_02,0.1,Stability-First,"['GS_01', 'SAT_67311', 'UAV_02']",UAV_02,7.095752903340811,20.0,200,HIT,47.09575290334081
60000,206,GS_01,telemetry_UAV_01,0.1,Stability-First,"['GS_01', 'SAT_67311', 'UAV_01']",UAV_01,7.325427943767372,20.0,200,HIT,47.32542794376737
60000,207,GS_01,telemetry_UAV_03,0.1,Stability-First,"['GS_01', 'SAT_67311', 'UAV_03']",UAV_03,6.920185869953717,20.0,200,HIT,46.92018586995372
60000,208,GS_01,telemetry_UAV_03,0.1,Stability-First,"['GS_01', 'SAT_67311', 'UAV_03']",UAV_03,6.982633323192482,20.0,200,HIT,46.98263332319248
60000,209,GS_01,telemetry_UAV_01,0.1,Stability-First,"['GS_01', 'SAT_67311', 'UAV_01']",UAV_01,6.612696183790722,20.0,200,HIT,46.612696183790725
60000,210,GS_01,telemetry_UAV_02,0.1,Stability-First,"['GS_01', 'SAT_67311', 'UAV_02']",UAV_02,6.630925541620174,20.0,200,HIT,46.63092554162017
60000,211,GS_01,telemetry_UAV_02,0.1,Stability-First,"['GS_01', 'SAT_67311', 'UAV_02']",UAV_02,6.4455263096362225,20.0,200,HIT,46.44552630963622
60000,212,GS_01,telemetry_UAV_03,0.1,Stability-First,"['GS_01', 'SAT_67311', 'UAV_03']",UAV_03,6.822508183633745,20.0,200,HIT,46.822508183633744
60000,213,GS_01,telemetry_UAV_01,0.1,Stability-First,"['GS_01', 'SAT_67311', 'UAV_01']",UAV_01,6.785882186803168,20.0,200,HIT,46.785882186803164
60000,214,GS_01,telemetry_UAV_01,0.1,Stability-First,"['GS_01', 'SAT_67311', 'UAV_01']",UAV_01,6.896431942529626,20.0,200,HIT,46.896431942529624
60000,215,GS_01,telemetry_UAV_03,0.1,Stability-First,"['GS_01', 'SAT_67311', 'UAV_03']",UAV_03,7.285669243030061,20.0,200,HIT,47.285669243030064
60000,216,GS_01,telemetry_UAV_02,0.1,Stability-First,"['GS_01', 'SAT_67311', 'UAV_02']",UAV_02,6.695358937495823,20.0,200,HIT,46.695358937495826
60000,217,GS_01,telemetry_UAV_02,0.1,Stability-First,"['GS_01', 'SAT_67311', 'UAV_02']",UAV_02,6.914704485623,20.0,200,HIT,46.914704485623
60000,218,GS_01,telemetry_UAV_03,0.1,Stability-First,"['GS_01', 'SAT_67311', 'UAV_03']",UAV_03,6.548189002767064,20.0,200,HIT,46.54818900276706
60000,219,GS_01,telemetry_UAV_01,0.1,Stability-First,"['GS_01', 'SAT_67311', 'UAV_01']",UAV_01,6.530504762112557,20.0,200,HIT,46.53050476211256
60000,220,GS_01,telemetry_UAV_03,0.1,Stability-First,"['GS_01', 'SAT_67311', 'UAV_03']",UAV_03,6.639066801667296,20.0,200,HIT,46.6390668016673
60000,221,GS_01,telemetry_UAV_01,0.1,Stability-First,"['GS_01', 'SAT_67311', 'UAV_01']",UAV_01,6.463477240919071,20.0,200,HIT,46.46347724091907
60000,222,GS_01,telemetry_UAV_02,0.1,Stability-First,"['GS_01', 'SAT_67311', 'UAV_02']",UAV_02,6.682021061247063,20.0,200,HIT,46.68202106124706
60000,223,GS_01,telemetry_UAV_02,0.1,Stability-First,"['GS_01', 'SAT_67311', 'UAV_02']",UAV_02,7.0345419418490405,20.0,200,HIT,47.03454194184904
60000,224,GS_01,telemetry_UAV_03,0.1,Stability-First,"['GS_01', 'SAT_67311', 'UAV_03']",UAV_03,6.56987971683243,20.0,200,HIT,46.56987971683243
60000,225,GS_01,telemetry_UAV_01,0.1,Stability-First,"['GS_01', 'SAT_67311', 'UAV_01']",UAV_01,6.21513975203959,20.0,200,HIT,46.21513975203959
60000,226,GS_01,telemetry_UAV_03,0.1,Stability-First,"['GS_01', 'SAT_67311', 'UAV_03']",UAV_03,6.421559171453426,20.0,200,HIT,46.421559171453424
60000,227,GS_01,telemetry_UAV_01,0.1,Stability-First,"['GS_01', 'SAT_67311', 'UAV_01']",UAV_01,6.422352286569686,20.0,200,HIT,46.422352286569684
60000,228,GS_01,telemetry_UAV_02,0.1,Stability-First,"['GS_01', 'SAT_67311', 'UAV_02']",UAV_02,6.960314966672888,20.0,200,HIT,46.96031496667289
60000,229,GS_01,telemetry_UAV_01,0.1,Stability-First,"['GS_01', 'SAT_67311', 'UAV_01']",UAV_01,6.945958491057027,20.0,200,HIT,46.94595849105703
60000,230,GS_01,telemetry_UAV_03,0.1,Stability-First,"['GS_01', 'SAT_67311', 'UAV_03']",UAV_03,6.843256562458164,20.0,200,HIT,46.843256562458166
60000,231,GS_01,telemetry_UAV_02,0.1,Stability-First,"['GS_01', 'SAT_67311', 'UAV_02']",UAV_02,6.730859196122268,20.0,200,HIT,46.73085919612227
60000,232,GS_01,telemetry_UAV_02,0.1,Stability-First,"['GS_01', 'SAT_67311', 'UAV_02']",UAV_02,6.492491256780111,20.0,200,HIT,46.49249125678011
60000,233,GS_01,telemetry_UAV_03,0.1,Stability-First,"['GS_01', 'SAT_67311', 'UAV_03']",UAV_03,7.255617625838872,20.0,200,HIT,47.25561762583887
60000,234,GS_01,telemetry_UAV_01,0.1,Stability-First,"['GS_01', 'SAT_67311', 'UAV_01']",UAV_01,6.832468155624722,20.0,200,HIT,46.832468155624724
60000,235,GS_01,telemetry_UAV_02,0.1,Stability-First,"['GS_01', 'SAT_67311', 'UAV_02']",UAV_02,6.7528851461471575,20.0,200,HIT,46.75288514614716
60000,236,GS_01,telemetry_UAV_03,0.1,Stability-First,"['GS_01', 'SAT_67311', 'UAV_03']",UAV_03,6.8083244384152914,20.0,200,HIT,46.80832443841529
60000,237,GS_01,telemetry_UAV_01,0.1,Stability-First,"['GS_01', 'SAT_67311', 'UAV_01']",UAV_01,7.321305488475515,20.0,200,HIT,47.32130548847552
60000,238,GS_01,telemetry_UAV_02,0.1,Stability-First,"['GS_01', 'SAT_67311', 'UAV_02']",UAV_02,7.107369004661901,20.0,200,HIT,47.107369004661905
60000,239,GS_01,telemetry_UAV_03,0.1,Stability-First,"['GS_01', 'SAT_67311', 'UAV_03']",UAV_03,7.314936747761736,20.0,200,HIT,47.314936747761735
60000,240,GS_01,telemetry_UAV_01,0.1,Stability-First,"['GS_01', 'SAT_67311', 'UAV_01']",UAV_01,6.889498331650813,20.0,200,HIT,46.88949833165081
60000,241,GS_01,telemetry_UAV_01,0.1,Stability-First,"['GS_01', 'SAT_67311', 'UAV_01']",UAV_01,6.965896298057941,20.0,200,HIT,46.96589629805794
60000,242,GS_01,telemetry_UAV_02,0.1,Stability-First,"['GS_01', 'SAT_67311', 'UAV_02']",UAV_02,6.912174634068592,20.0,200,HIT,46.91217463406859
60000,243,GS_01,telemetry_UAV_03,0.1,Stability-First,"['GS_01', 'SAT_67311', 'UAV_03']",UAV_03,6.750637433298591,20.0,200,HIT,46.75063743329859
60000,244,GS_01,telemetry_UAV_01,0.1,Stability-First,"['GS_01', 'SAT_67311', 'UAV_01']",UAV_01,6.615217570648017,20.0,200,HIT,46.615217570648014
60000,245,GS_01,telemetry_UAV_03,0.1,Stability-First,"['GS_01', 'SAT_67311', 'UAV_03']",UAV_03,6.949728362033811,20.0,200,HIT,46.94972836203381
60000,246,GS_01,telemetry_UAV_02,0.1,Stability-First,"['GS_01', 'SAT_67311', 'UAV_02']",UAV_02,6.473925841407802,20.0,200,HIT,46.473925841407805
60000,247,GS_01,telemetry_UAV_03,0.1,Stability-First,"['GS_01', 'SAT_67311', 'UAV_03']",UAV_03,6.998144153412528,20.0,200,HIT,46.998144153412525
60000,248,GS_01,telemetry_UAV_02,0.1,Stability-First,"['GS_01', 'SAT_67311', 'UAV_02']",UAV_02,6.699507498143688,20.0,200,HIT,46.69950749814369
60000,249,GS_01,telemetry_UAV_01,0.1,Stability-First,"['GS_01', 'SAT_67311', 'UAV_01']",UAV_01,6.47548906718729,20.0,200,HIT,46.47548906718729
60000,250,GS_01,telemetry_UAV_01,0.1,Stability-First,"['GS_01', 'SAT_67311', 'UAV_01']",UAV_01,7.035561900067983,20.0,200,HIT,47.03556190006798
60000,251,GS_01,telemetry_UAV_02,0.1,Stability-First,"['GS_01', 'SAT_67311', 'UAV_02']",UAV_02,6.602962709791995,20.0,200,HIT,46.602962709791996
60000,252,GS_01,telemetry_UAV_03,0.1,Stability-First,"['GS_01', 'SAT_67311', 'UAV_03']",UAV_03,7.159586211481335,20.0,200,HIT,47.15958621148133
60000,253,GS_01,telemetry_UAV_01,0.1,Stability-First,"['GS_01', 'SAT_67311', 'UAV_01']",UAV_01,6.69962076805823,20.0,200,HIT,46.69962076805823
60000,254,GS_01,telemetry_UAV_02,0.1,Stability-First,"['GS_01', 'SAT_67311', 'UAV_02']",UAV_02,6.7574341614566045,20.0,200,HIT,46.7574341614566
60000,255,GS_01,telemetry_UAV_03,0.1,Stability-First,"['GS_01', 'SAT_67311', 'UAV_03']",UAV_03,6.654366288566196,20.0,200,HIT,46.654366288566194
60000,256,GS_01,telemetry_UAV_02,0.1,Stability-First,"['GS_01', 'SAT_67311', 'UAV_02']",UAV_02,7.045787430043555,20.0,200,HIT,47.04578743004355
60000,257,GS_01,telemetry_UAV_03,0.1,Stability-First,"['GS_01', 'SAT_67311', 'UAV_03']",UAV_03,6.737120115079229,20.0,200,HIT,46.73712011507923
60000,258,GS_01,telemetry_UAV_01,0.1,Stability-First,"['GS_01', 'SAT_67311', 'UAV_01']",UAV_01,6.430202313142143,20.0,200,HIT,46.430202313142146
60000,259,GS_01,telemetry_UAV_01,0.1,Stability-First,"['GS_01', 'SAT_67311', 'UAV_01']",UAV_01,6.671256996836126,20.0,200,HIT,46.67125699683613
60000,260,GS_01,telemetry_UAV_02,0.1,Stability-First,"['GS_01', 'SAT_67311', 'UAV_02']",UAV_02,6.688731682861051,20.0,200,HIT,46.688731682861054
60000,261,GS_01,telemetry_UAV_03,0.1,Stability-First,"['GS_01', 'SAT_67311', 'UAV_03']",UAV_03,6.838880966957349,20.0,200,HIT,46.83888096695735
60000,262,GS_01,telemetry_UAV_03,0.1,Stability-First,"['GS_01', 'SAT_67311', 'UAV_03']",UAV_03,6.734403765729738,20.0,200,HIT,46.73440376572974
60000,263,GS_01,telemetry_UAV_01,0.1,Stability-First,"['GS_01', 'SAT_67311', 'UAV_01']",UAV_01,6.813680912995693,20.0,200,HIT,46.81368091299569
60000,264,GS_01,telemetry_UAV_02,0.1,Stability-First,"['GS_01', 'SAT_67311', 'UAV_02']",UAV_02,6.947425412333508,20.0,200,HIT,46.94742541233351
60000,265,GS_01,telemetry_UAV_02,0.1,Stability-First,"['GS_01', 'SAT_67311', 'UAV_02']",UAV_02,6.877684083974606,20.0,200,HIT,46.87768408397461
60000,266,GS_01,telemetry_UAV_03,0.1,Stability-First,"['GS_01', 'SAT_67311', 'UAV_03']",UAV_03,7.058805047230459,20.0,200,HIT,47.05880504723046
60000,267,GS_01,telemetry_UAV_01,0.1,Stability-First,"['GS_01', 'SAT_67311', 'UAV_01']",UAV_01,7.01544443979292,20.0,200,HIT,47.01544443979292
60000,268,GS_01,telemetry_UAV_01,0.1,Stability-First,"['GS_01', 'SAT_67311', 'UAV_01']",UAV_01,6.5433833568857676,20.0,200,HIT,46.54338335688577
60000,269,GS_01,telemetry_UAV_03,0.1,Stability-First,"['GS_01', 'SAT_67311', 'UAV_03']",UAV_03,7.085834213859876,20.0,200,HIT,47.085834213859876
60000,270,GS_01,telemetry_UAV_02,0.1,Stability-First,"['GS_01', 'SAT_67311', 'UAV_02']",UAV_02,6.65292811854337,20.0,200,HIT,46.65292811854337
60000,271,GS_01,telemetry_UAV_03,0.1,Stability-First,"['GS_01', 'SAT_67311', 'UAV_03']",UAV_03,7.0386869391979925,20.0,200,HIT,47.038686939197994
60000,272,GS_01,telemetry_UAV_01,0.1,Stability-First,"['GS_01', 'SAT_67311', 'UAV_01']",UAV_01,7.119517408178121,20.0,200,HIT,47.11951740817812
60000,273,GS_01,telemetry_UAV_02,0.1,Stability-First,"['GS_01', 'SAT_67311', 'UAV_02']",UAV_02,7.09586512581005,20.0,200,HIT,47.09586512581005
60000,274,GS_01,telemetry_UAV_03,0.1,Stability-First,"['GS_01', 'SAT_67311', 'UAV_03']",UAV_03,6.53173373759088,20.0,200,HIT,46.53173373759088
60000,275,GS_01,telemetry_UAV_01,0.1,Stability-First,"['GS_01', 'SAT_67311', 'UAV_01']",UAV_01,6.6738056385405855,20.0,200,HIT,46.673805638540586
60000,276,GS_01,telemetry_UAV_02,0.1,Stability-First,"['GS_01', 'SAT_67311', 'UAV_02']",UAV_02,6.317021100292827,20.0,200,HIT,46.31702110029283
60000,277,GS_01,telemetry_UAV_01,0.1,Stability-First,"['GS_01', 'SAT_67311', 'UAV_01']",UAV_01,7.1588145610726395,20.0,200,HIT,47.15881456107264
60000,278,GS_01,telemetry_UAV_02,0.1,Stability-First,"['GS_01', 'SAT_67311', 'UAV_02']",UAV_02,6.588093429191877,20.0,200,HIT,46.58809342919188
60000,279,GS_01,telemetry_UAV_03,0.1,Stability-First,"['GS_01', 'SAT_67311', 'UAV_03']",UAV_03,6.354304190173584,20.0,200,HIT,46.354304190173586
60000,280,GS_01,telemetry_UAV_03,0.1,Stability-First,"['GS_01', 'SAT_67311', 'UAV_03']",UAV_03,7.078961806977938,20.0,200,HIT,47.07896180697794
60000,281,GS_01,telemetry_UAV_01,0.1,Stability-First,"['GS_01', 'SAT_67311', 'UAV_01']",UAV_01,6.717728057586884,20.0,200,HIT,46.71772805758688
60000,282,GS_01,telemetry_UAV_02,0.1,Stability-First,"['GS_01', 'SAT_67311', 'UAV_02']",UAV_02,7.42203555115592,20.0,200,HIT,47.42203555115592
60000,283,GS_01,telemetry_UAV_02,0.1,Stability-First,"['GS_01', 'SAT_67311', 'UAV_02']",UAV_02,7.221328648227603,20.0,200,HIT,47.221328648227605
60000,284,GS_01,telemetry_UAV_01,0.1,Stability-First,"['GS_01', 'SAT_67311', 'UAV_01']",UAV_01,6.6488339022522,20.0,200,HIT,46.6488339022522
60000,285,GS_01,telemetry_UAV_03,0.1,Stability-First,"['GS_01', 'SAT_67311', 'UAV_03']",UAV_03,6.805618737396976,20.0,200,HIT,46.805618737396976
60000,286,GS_01,telemetry_UAV_02,0.1,Stability-First,"['GS_01', 'SAT_67311', 'UAV_02']",UAV_02,7.278586097966204,20.0,200,HIT,47.278586097966205
60000,287,GS_01,telemetry_UAV_03,0.1,Stability-First,"['GS_01', 'SAT_67311', 'UAV_03']",UAV_03,7.02077456449395,20.0,200,HIT,47.02077456449395
60000,288,GS_01,telemetry_UAV_01,0.1,Stability-First,"['GS_01', 'SAT_67311', 'UAV_01']",UAV_01,7.374350976174191,20.0,200,HIT,47.37435097617419
60000,289,GS_01,telemetry_UAV_02,0.1,Stability-First,"['GS_01', 'SAT_67311', 'UAV_02']",UAV_02,6.998696222754747,20.0,200,HIT,46.998696222754745
60000,290,GS_01,telemetry_UAV_03,0.1,Stability-First,"['GS_01', 'SAT_67311', 'UAV_03']",UAV_03,6.828378892320245,20.0,200,HIT,46.828378892320245
60000,291,GS_01,telemetry_UAV_01,0.1,Stability-First,"['GS_01', 'SAT_67311', 'UAV_01']",UAV_01,7.1246725903306345,20.0,200,HIT,47.12467259033063
60000,292,GS_01,telemetry_UAV_02,0.1,Stability-First,"['GS_01', 'SAT_67311', 'UAV_02']",UAV_02,6.581875143670445,20.0,200,HIT,46.581875143670445
60000,293,GS_01,telemetry_UAV_03,0.1,Stability-First,"['GS_01', 'SAT_67311', 'UAV_03']",UAV_03,6.983467609828752,20.0,200,HIT,46.98346760982875
60000,294,GS_01,telemetry_UAV_01,0.1,Stability-First,"['GS_01', 'SAT_67311', 'UAV_01']",UAV_01,7.020686976567245,20.0,200,HIT,47.02068697656725
60000,295,GS_01,telemetry_UAV_01,0.1,Stability-First,"['GS_01', 'SAT_67311', 'UAV_01']",UAV_01,7.066177210490162,20.0,200,HIT,47.06617721049016
60000,296,GS_01,telemetry_UAV_02,0.1,Stability-First,"['GS_01', 'SAT_67311', 'UAV_02']",UAV_02,7.026744397401775,20.0,200,HIT,47.02674439740178
60000,297,GS_01,telemetry_UAV_03,0.1,Stability-First,"['GS_01', 'SAT_67311', 'UAV_03']",UAV_03,6.790942031989877,20.0,200,HIT,46.79094203198988
60000,298,GS_01,telemetry_UAV_01,0.1,Stability-First,"['GS_01', 'SAT_67311', 'UAV_01']",UAV_01,6.860072290477266,20.0,200,HIT,46.86007229047726
60000,299,GS_01,telemetry_UAV_03,0.1,Stability-First,"['GS_01', 'SAT_67311', 'UAV_03']",UAV_03,6.739195693851394,20.0,200,HIT,46.73919569385139
60000,300,GS_01,telemetry_UAV_02,0.1,Stability-First,"['GS_01', 'SAT_67311', 'UAV_02']",UAV_02,6.70250236768205,20.0,200,HIT,46.70250236768205
60000,301,GS_01,telemetry_UAV_01,0.1,Stability-First,"['GS_01', 'SAT_67311', 'UAV_01']",UAV_01,6.962435529030369,20.0,200,HIT,46.96243552903037
60000,302,GS_01,telemetry_UAV_03,0.1,Stability-First,"['GS_01', 'SAT_67311', 'UAV_03']",UAV_03,6.681786974723867,20.0,200,HIT,46.68178697472386
60000,303,GS_01,telemetry_UAV_02,0.1,Stability-First,"['GS_01', 'SAT_67311', 'UAV_02']",UAV_02,6.440313592358055,20.0,200,HIT,46.44031359235805
60000,304,GS_01,telemetry_UAV_03,0.1,Stability-First,"['GS_01', 'SAT_67311', 'UAV_03']",UAV_03,7.118772581937471,20.0,200,HIT,47.11877258193747
60000,305,GS_01,telemetry_UAV_01,0.1,Stability-First,"['GS_01', 'SAT_67311', 'UAV_01']",UAV_01,6.7023565727167576,20.0,200,HIT,46.70235657271676
60000,306,GS_01,telemetry_UAV_02,0.1,Stability-First,"['GS_01', 'SAT_67311', 'UAV_02']",UAV_02,7.383401192540942,20.0,200,HIT,47.383401192540944
60000,307,GS_01,telemetry_UAV_02,0.1,Stability-First,"['GS_01', 'SAT_67311', 'UAV_02']",UAV_02,6.751276168783534,20.0,200,HIT,46.751276168783534
60000,308,GS_01,telemetry_UAV_01,0.1,Stability-First,"['GS_01', 'SAT_67311', 'UAV_01']",UAV_01,6.579309823088475,20.0,200,HIT,46.57930982308847
60000,309,GS_01,telemetry_UAV_03,0.1,Stability-First,"['GS_01', 'SAT_67311', 'UAV_03']",UAV_03,6.504070022523608,20.0,200,HIT,46.50407002252361
60000,310,GS_01,telemetry_UAV_03,0.1,Stability-First,"['GS_01', 'SAT_67311', 'UAV_03']",UAV_03,6.754647339490347,20.0,200,HIT,46.75464733949035
60000,311,GS_01,telemetry_UAV_01,0.1,Stability-First,"['GS_01', 'SAT_67311', 'UAV_01']",UAV_01,7.1492214127613005,20.0,200,HIT,47.1492214127613
60000,312,GS_01,telemetry_UAV_02,0.1,Stability-First,"['GS_01', 'SAT_67311', 'UAV_02']",UAV_02,6.4259244627009915,20.0,200,HIT,46.42592446270099
60000,313,GS_01,telemetry_UAV_01,0.1,Stability-First,"['GS_01', 'SAT_67311', 'UAV_01']",UAV_01,7.18477158698091,20.0,200,HIT,47.18477158698091
60000,314,GS_01,telemetry_UAV_03,0.1,Stability-First,"['GS_01', 'SAT_67311', 'UAV_03']",UAV_03,6.704928538677043,20.0,200,HIT,46.704928538677045
60000,315,GS_01,telemetry_UAV_02,0.1,Stability-First,"['GS_01', 'SAT_67311', 'UAV_02']",UAV_02,6.274096514333179,20.0,200,HIT,46.27409651433318
60000,316,GS_01,telemetry_UAV_01,0.1,Stability-First,"['GS_01', 'SAT_67311', 'UAV_01']",UAV_01,6.788701249474369,20.0,200,HIT,46.78870124947437
60000,317,GS_01,telemetry_UAV_02,0.1,Stability-First,"['GS_01', 'SAT_67311', 'UAV_02']",UAV_02,7.182218654510526,20.0,200,HIT,47.18221865451053
60000,318,GS_01,telemetry_UAV_03,0.1,Stability-First,"['GS_01', 'SAT_67311', 'UAV_03']",UAV_03,6.664537175523413,20.0,200,HIT,46.664537175523414
60000,319,GS_01,telemetry_UAV_03,0.1,Stability-First,"['GS_01', 'SAT_67311', 'UAV_03']",UAV_03,6.852055301884166,20.0,200,HIT,46.852055301884164
60000,320,GS_01,telemetry_UAV_02,0.1,Stability-First,"['GS_01', 'SAT_67311', 'UAV_02']",UAV_02,6.482196553308828,20.0,200,HIT,46.482196553308825
60000,321,GS_01,telemetry_UAV_01,0.1,Stability-First,"['GS_01', 'SAT_67311', 'UAV_01']",UAV_01,6.83223052400435,20.0,200,HIT,46.83223052400435
60000,322,GS_01,telemetry_UAV_02,0.1,Stability-First,"['GS_01', 'SAT_67311', 'UAV_02']",UAV_02,6.626191525259509,20.0,200,HIT,46.62619152525951
60000,323,GS_01,telemetry_UAV_03,0.1,Stability-First,"['GS_01', 'SAT_67311', 'UAV_03']",UAV_03,6.642592287796031,20.0,200,HIT,46.642592287796035
60000,324,GS_01,telemetry_UAV_01,0.1,Stability-First,"['GS_01', 'SAT_67311', 'UAV_01']",UAV_01,6.521911750617811,20.0,200,HIT,46.52191175061781
60000,325,GS_01,telemetry_UAV_03,0.1,Stability-First,"['GS_01', 'SAT_67311', 'UAV_03']",UAV_03,6.653849345973107,20.0,200,HIT,46.65384934597311
60000,326,GS_01,telemetry_UAV_02,0.1,Stability-First,"['GS_01', 'SAT_67311', 'UAV_02']",UAV_02,6.451442236335856,20.0,200,HIT,46.45144223633586
60000,327,GS_01,telemetry_UAV_01,0.1,Stability-First,"['GS_01', 'SAT_67311', 'UAV_01']",UAV_01,6.995884620011504,20.0,200,HIT,46.9958846200115
60000,328,GS_01,telemetry_UAV_03,0.1,Stability-First,"['GS_01', 'SAT_67311', 'UAV_03']",UAV_03,6.501405358515384,20.0,200,HIT,46.501405358515385
60000,329,GS_01,telemetry_UAV_02,0.1,Stability-First,"['GS_01', 'SAT_67311', 'UAV_02']",UAV_02,7.202185542455095,20.0,200,HIT,47.2021855424551
60000,330,GS_01,telemetry_UAV_01,0.1,Stability-First,"['GS_01', 'SAT_67311', 'UAV_01']",UAV_01,7.315540100543564,20.0,200,HIT,47.315540100543565
60000,331,GS_01,telemetry_UAV_02,0.1,Stability-First,"['GS_01', 'SAT_67311', 'UAV_02']",UAV_02,6.939441849677069,20.0,200,HIT,46.93944184967707
60000,332,GS_01,telemetry_UAV_01,0.1,Stability-First,"['GS_01', 'SAT_67311', 'UAV_01']",UAV_01,6.313905719515025,20.0,200,HIT,46.31390571951503
60000,333,GS_01,telemetry_UAV_03,0.1,Stability-First,"['GS_01', 'SAT_67311', 'UAV_03']",UAV_03,6.590110167879466,20.0,200,HIT,46.590110167879466
60000,334,GS_01,telemetry_UAV_03,0.1,Stability-First,"['GS_01', 'SAT_67311', 'UAV_03']",UAV_03,6.663683682092943,20.0,200,HIT,46.663683682092945
60000,335,GS_01,telemetry_UAV_02,0.1,Stability-First,"['GS_01', 'SAT_67311', 'UAV_02']",UAV_02,6.96860851888971,20.0,200,HIT,46.96860851888971
60000,336,GS_01,telemetry_UAV_01,0.1,Stability-First,"['GS_01', 'SAT_67311', 'UAV_01']",UAV_01,6.653352875292203,20.0,200,HIT,46.6533528752922
60000,337,GS_01,telemetry_UAV_02,0.1,Stability-First,"['GS_01', 'SAT_67311', 'UAV_02']",UAV_02,6.990450599232792,20.0,200,HIT,46.990450599232794
60000,338,GS_01,telemetry_UAV_03,0.1,Stability-First,"['GS_01', 'SAT_67311', 'UAV_03']",UAV_03,7.253780442576215,20.0,200,HIT,47.253780442576215
60000,339,GS_01,telemetry_UAV_01,0.1,Stability-First,"['GS_01', 'SAT_67311', 'UAV_01']",UAV_01,6.802301262407989,20.0,200,HIT,46.80230126240799
60000,340,GS_01,telemetry_UAV_03,0.1,Stability-First,"['GS_01', 'SAT_67311', 'UAV_03']",UAV_03,6.49377859392489,20.0,200,HIT,46.49377859392489
60000,341,GS_01,telemetry_UAV_02,0.1,Stability-First,"['GS_01', 'SAT_67311', 'UAV_02']",UAV_02,7.170803594144358,20.0,200,HIT,47.17080359414436
60000,342,GS_01,telemetry_UAV_01,0.1,Stability-First,"['GS_01', 'SAT_67311', 'UAV_01']",UAV_01,6.979605839864259,20.0,200,HIT,46.97960583986426
60000,343,GS_01,telemetry_UAV_01,0.1,Stability-First,"['GS_01', 'SAT_67311', 'UAV_01']",UAV_01,6.497814948797321,20.0,200,HIT,46.49781494879732
60000,344,GS_01,telemetry_UAV_03,0.1,Stability-First,"['GS_01', 'SAT_67311', 'UAV_03']",UAV_03,6.994645463837051,20.0,200,HIT,46.99464546383705
60000,345,GS_01,telemetry_UAV_02,0.1,Stability-First,"['GS_01', 'SAT_67311', 'UAV_02']",UAV_02,6.727765855482781,20.0,200,HIT,46.72776585548278
60000,346,GS_01,telemetry_UAV_03,0.1,Stability-First,"['GS_01', 'SAT_67311', 'UAV_03']",UAV_03,6.47969581345262,20.0,200,HIT,46.47969581345262
60000,347,GS_01,telemetry_UAV_01,0.1,Stability-First,"['GS_01', 'SAT_67311', 'UAV_01']",UAV_01,6.454007753364413,20.0,200,HIT,46.454007753364415
60000,348,GS_01,telemetry_UAV_02,0.1,Stability-First,"['GS_01', 'SAT_67311', 'UAV_02']",UAV_02,7.0510212446232226,20.0,200,HIT,47.05102124462322
60000,349,GS_01,telemetry_UAV_03,0.1,Stability-First,"['GS_01', 'SAT_67311', 'UAV_03']",UAV_03,7.1192338538950555,20.0,200,HIT,47.119233853895054
60000,350,GS_01,telemetry_UAV_02,0.1,Stability-First,"['GS_01', 'SAT_67311', 'UAV_02']",UAV_02,6.57381055862029,20.0,200,HIT,46.57381055862029
60000,351,GS_01,telemetry_UAV_01,0.1,Stability-First,"['GS_01', 'SAT_67311', 'UAV_01']",UAV_01,6.809407522187591,20.0,200,HIT,46.80940752218759
60000,352,GS_01,telemetry_UAV_03,0.1,Stability-First,"['GS_01', 'SAT_67311', 'UAV_03']",UAV_03,6.856060267286076,20.0,200,HIT,46.856060267286075
60000,353,GS_01,telemetry_UAV_01,0.1,Stability-First,"['GS_01', 'SAT_67311', 'UAV_01']",UAV_01,6.897368297594031,20.0,200,HIT,46.89736829759403
60000,354,GS_01,telemetry_UAV_02,0.1,Stability-First,"['GS_01', 'SAT_67311', 'UAV_02']",UAV_02,6.978970156504,20.0,200,HIT,46.978970156504
60000,355,GS_01,telemetry_UAV_03,0.1,Stability-First,"['GS_01', 'SAT_67311', 'UAV_03']",UAV_03,6.3528829083197484,20.0,200,HIT,46.35288290831975
60000,356,GS_01,telemetry_UAV_02,0.1,Stability-First,"['GS_01', 'SAT_67311', 'UAV_02']",UAV_02,6.479427446697612,20.0,200,HIT,46.47942744669761
60000,357,GS_01,telemetry_UAV_01,0.1,Stability-First,"['GS_01', 'SAT_67311', 'UAV_01']",UAV_01,6.64959468446749,20.0,200,HIT,46.64959468446749
60000,358,GS_01,telemetry_UAV_01,0.1,Stability-First,"['GS_01', 'SAT_67311', 'UAV_01']",UAV_01,6.774077785838804,20.0,200,HIT,46.774077785838806
60000,359,GS_01,telemetry_UAV_03,0.1,Stability-First,"['GS_01', 'SAT_67311', 'UAV_03']",UAV_03,6.950494048176494,20.0,200,HIT,46.950494048176495
60000,360,GS_01,telemetry_UAV_02,0.1,Stability-First,"['GS_01', 'SAT_67311', 'UAV_02']",UAV_02,6.8175546396411555,20.0,200,HIT,46.81755463964116
